{
	"format_version": "1.12.0",
	"minecraft:geometry": [
		{
			"description": {
				"identifier": "geometry.mareanie",
				"texture_width": 64,
				"texture_height": 64,
				"visible_bounds_width": 3,
				"visible_bounds_height": 2.5,
				"visible_bounds_offset": [0, 0.75, 0]
			},
			"bones": [
				{
					"name": "mareanie",
					"pivot": [0, 0, 0]
				},
				{
					"name": "body",
					"parent": "mareanie",
					"pivot": [0, 2, 0]
				},
				{
					"name": "head",
					"parent": "body",
					"pivot": [0, 3, 0]
				},
				{
					"name": "head_top",
					"parent": "head",
					"pivot": [0, 8.15847, 0],
					"cubes": [
						{"origin": [-0.5, 7, -0.5], "size": [1, 1, 1], "inflate": -0.03, "pivot": [0, 7.7, 0], "rotation": [0, -45, 0], "uv": [37, 12]},
						{"origin": [-0.5, 7.6, -0.5], "size": [1, 1, 1], "inflate": -0.15, "pivot": [0, 7.7, 0], "rotation": [0, -45, 0], "uv": [0, 37]},
						{"origin": [-0.5, 8.1, -0.5], "size": [1, 1, 1], "inflate": -0.3, "pivot": [0, 7.7, 0], "rotation": [0, -45, 0], "uv": [35, 36]},
						{"origin": [-0.20784, 6.9, -0.78284], "size": [0, 2, 1], "pivot": [-0.28284, 7.225, -0.28284], "rotation": [20.94102, -40.78947, -30.36119], "uv": [22, 10]},
						{"origin": [0.35784, 6.9, -0.78284], "size": [0, 2, 1], "pivot": [0.28284, 7.225, -0.28284], "rotation": [159.05898, -40.78947, -149.63881], "uv": [0, 11]},
						{"origin": [0.35784, 6.9, -0.21716], "size": [0, 2, 1], "pivot": [0.28284, 7.225, 0.28284], "rotation": [-159.05898, 40.78947, -149.63881], "uv": [0, 7]},
						{"origin": [-0.20784, 6.9, -0.21716], "size": [0, 2, 1], "pivot": [-0.28284, 7.425, 0.28284], "rotation": [-20.94102, 40.78947, -30.36119], "uv": [0, 0]}
					]
				},
				{
					"name": "tentacles",
					"parent": "head",
					"pivot": [0, 8, 0],
					"cubes": [
						{"origin": [-1.5, 7.7, -1.7], "size": [3, 0, 3], "uv": [6, 8]}
					]
				},
				{
					"name": "tent_center",
					"parent": "tentacles",
					"pivot": [0, 7.99396, -0.8483],
					"rotation": [20, 0, 0]
				},
				{
					"name": "tent_sega0",
					"parent": "tent_center",
					"pivot": [0, 7.4, -1.9],
					"rotation": [-60, 0, 0]
				},
				{
					"name": "tent_topa",
					"parent": "tent_sega0",
					"pivot": [0, 7.3, -1.96603],
					"cubes": [
						{"origin": [-1, 5.95251, -3.99182], "size": [2, 2, 1], "pivot": [0, 6.20466, -2.84188], "rotation": [-50, 0, 0], "uv": [29, 24]},
						{"origin": [-0.5, 7.3, -3.26603], "size": [1, 1, 1], "inflate": -0.18, "pivot": [0, 7.3, -2.96603], "rotation": [37.5, 0, 0], "uv": [31, 36]},
						{"origin": [-0.5, 7.8, -3.26603], "size": [1, 1, 1], "inflate": -0.3, "pivot": [0, 7.3, -2.96603], "rotation": [37.5, 0, 0], "uv": [25, 36]}
					]
				},
				{
					"name": "tent_enda",
					"parent": "tent_sega0",
					"pivot": [0, 6.70187, -3.27301],
					"rotation": [-3, 0, 0],
					"cubes": [
						{"origin": [-1, 5.2967, -4.23298], "size": [2, 2, 1], "pivot": [0, 6.46426, -3.86034], "rotation": [-47.5, 0, 0], "uv": [29, 17]},
						{"origin": [-0.5, 6.1596, -4.58448], "size": [1, 1, 1], "inflate": -0.18, "pivot": [0, 6.1596, -4.28448], "rotation": [37.5, 0, 0], "uv": [15, 36]},
						{"origin": [-0.5, 6.6596, -4.58448], "size": [1, 1, 1], "inflate": -0.3, "pivot": [0, 6.1596, -4.28448], "rotation": [37.5, 0, 0], "uv": [11, 36]}
					]
				},
				{
					"name": "tent_left0",
					"parent": "tentacles",
					"pivot": [0, 7.38338, 0],
					"rotation": [0, -161, 0]
				},
				{
					"name": "tent_topc2",
					"parent": "tent_left0",
					"pivot": [0.4998, 7.3834, -1.2964],
					"cubes": [
						{"origin": [-0.81018, 6.57952, -1.6652], "size": [2, 2, 1], "inflate": 0.05, "pivot": [0.48283, 8, -1.712], "rotation": [-90, 0, 0], "uv": [6, 26]},
						{"origin": [-0.31018, 7.75867, -2.43928], "size": [1, 1, 1], "inflate": -0.18, "uv": [0, 35]},
						{"origin": [-0.31018, 8.15867, -2.43928], "size": [1, 1, 1], "inflate": -0.3, "uv": [34, 34]}
					]
				},
				{
					"name": "tent_midc2",
					"parent": "tent_topc2",
					"pivot": [0.18982, 7.41444, -2.86812],
					"cubes": [
						{"origin": [-0.81018, 4.05269, -4.37739], "size": [2, 2, 1], "pivot": [0.48283, 6.20172, -2.67739], "rotation": [-90, 0, 0], "uv": [26, 3]},
						{"origin": [-0.31018, 7.60289, -4.24711], "size": [1, 1, 1], "inflate": -0.18, "uv": [34, 26]},
						{"origin": [-0.31018, 8.0387, -4.23082], "size": [1, 1, 1], "inflate": -0.3, "uv": [25, 34]}
					]
				},
				{
					"name": "tent_midc3",
					"parent": "tent_midc2",
					"pivot": [0.18982, 7.39176, -4.32577],
					"cubes": [
						{"origin": [-0.81018, 6.41676, -6.00077], "size": [2, 2, 1], "pivot": [0.18982, 7.41676, -5.52577], "rotation": [-90, 0, 0], "uv": [23, 25]}
					]
				},
				{
					"name": "tent_midc4",
					"parent": "tent_midc3",
					"pivot": [0.18982, 7.17293, -6.23433],
					"cubes": [
						{"origin": [-0.81018, -3.5011, -7.4103], "size": [2, 2, 1], "pivot": [0.48283, 2.59793, -2.1353], "rotation": [-90, 0, 0], "uv": [0, 25]}
					]
				},
				{
					"name": "tent_endc2",
					"parent": "tent_midc4",
					"pivot": [0.18982, 7.15909, -7.97502],
					"cubes": [
						{"origin": [-0.81018, 7.12177, -10.10489], "size": [2, 2, 1], "pivot": [0.48283, 7.3958, -9.65489], "rotation": [-90, 0, 0], "uv": [24, 22]},
						{"origin": [-0.31018, 6.27788, -10.08493], "size": [1, 1, 1], "inflate": -0.18, "pivot": [0.48283, 6.85972, -10.22843], "rotation": [90, 0, 0], "uv": [34, 22]},
						{"origin": [-0.31018, 5.47726, -10.8005], "size": [1, 1, 1], "inflate": -0.3, "pivot": [0.48283, 6.62822, -11.2005], "rotation": [90, 0, 0], "uv": [34, 19]}
					]
				},
				{
					"name": "tent_left1",
					"parent": "tentacles",
					"pivot": [0, 7.38338, 0],
					"rotation": [0, -125, 0]
				},
				{
					"name": "tent_topc3",
					"parent": "tent_left1",
					"pivot": [0.4998, 7.3834, -1.4964],
					"cubes": [
						{"origin": [-0.81018, 6.57952, -1.8652], "size": [2, 2, 1], "inflate": 0.05, "pivot": [0.48283, 8, -1.912], "rotation": [-90, 0, 0], "uv": [6, 26]},
						{"origin": [-0.31018, 7.75867, -2.63928], "size": [1, 1, 1], "inflate": -0.18, "uv": [0, 35]},
						{"origin": [-0.31018, 8.15867, -2.63928], "size": [1, 1, 1], "inflate": -0.3, "uv": [34, 34]}
					]
				},
				{
					"name": "tent_midc6",
					"parent": "tent_topc3",
					"pivot": [0.18982, 7.41444, -3.06812],
					"cubes": [
						{"origin": [-0.81018, 4.05269, -4.57739], "size": [2, 2, 1], "pivot": [0.48283, 6.20172, -2.87739], "rotation": [-90, 0, 0], "uv": [26, 3]},
						{"origin": [-0.31018, 7.60289, -4.44711], "size": [1, 1, 1], "inflate": -0.18, "uv": [34, 26]},
						{"origin": [-0.31018, 8.0387, -4.43082], "size": [1, 1, 1], "inflate": -0.3, "uv": [25, 34]}
					]
				},
				{
					"name": "tent_midc7",
					"parent": "tent_midc6",
					"pivot": [0.18982, 7.39176, -4.52577],
					"cubes": [
						{"origin": [-0.81018, 6.41676, -6.20077], "size": [2, 2, 1], "pivot": [0.18982, 7.41676, -5.72577], "rotation": [-90, 0, 0], "uv": [23, 25]}
					]
				},
				{
					"name": "tent_midc8",
					"parent": "tent_midc7",
					"pivot": [0.18982, 7.17293, -6.43433],
					"cubes": [
						{"origin": [-0.81018, -3.5011, -7.6103], "size": [2, 2, 1], "pivot": [0.48283, 2.59793, -2.3353], "rotation": [-90, 0, 0], "uv": [0, 25]}
					]
				},
				{
					"name": "tent_endc3",
					"parent": "tent_midc8",
					"pivot": [0.18982, 7.15909, -8.17502],
					"cubes": [
						{"origin": [-0.81018, 7.12177, -10.30489], "size": [2, 2, 1], "pivot": [0.48283, 7.3958, -9.85489], "rotation": [-90, 0, 0], "uv": [24, 22]},
						{"origin": [-0.31018, 6.27788, -10.28493], "size": [1, 1, 1], "inflate": -0.18, "pivot": [0.48283, 6.85972, -10.42843], "rotation": [90, 0, 0], "uv": [34, 22]},
						{"origin": [-0.31018, 5.47726, -11.0005], "size": [1, 1, 1], "inflate": -0.3, "pivot": [0.48283, 6.62822, -11.4005], "rotation": [90, 0, 0], "uv": [34, 19]}
					]
				},
				{
					"name": "tent_left2",
					"parent": "tentacles",
					"pivot": [0, 7.38338, 0],
					"rotation": [0, -89, 0]
				},
				{
					"name": "tent_topc5",
					"parent": "tent_left2",
					"pivot": [0.4998, 7.3834, -1.4964],
					"cubes": [
						{"origin": [-0.81018, 6.57952, -1.8652], "size": [2, 2, 1], "inflate": 0.05, "pivot": [0.48283, 8, -1.912], "rotation": [-90, 0, 0], "uv": [6, 23]},
						{"origin": [-0.31018, 7.75867, -2.63928], "size": [1, 1, 1], "inflate": -0.18, "uv": [34, 0]},
						{"origin": [-0.31018, 8.15867, -2.63928], "size": [1, 1, 1], "inflate": -0.3, "uv": [31, 33]}
					]
				},
				{
					"name": "tent_midc12",
					"parent": "tent_topc5",
					"pivot": [0.18982, 7.41444, -3.06812],
					"cubes": [
						{"origin": [-0.81018, 4.05269, -4.57739], "size": [2, 2, 1], "pivot": [0.48283, 6.20172, -2.87739], "rotation": [-90, 0, 0], "uv": [22, 0]},
						{"origin": [-0.31018, 7.60289, -4.44711], "size": [1, 1, 1], "inflate": -0.18, "uv": [22, 33]},
						{"origin": [-0.31018, 8.0387, -4.43082], "size": [1, 1, 1], "inflate": -0.3, "uv": [18, 33]}
					]
				},
				{
					"name": "tent_midc13",
					"parent": "tent_midc12",
					"pivot": [0.18982, 7.39176, -4.52577],
					"cubes": [
						{"origin": [-0.81018, 6.41676, -6.20077], "size": [2, 2, 1], "pivot": [0.18982, 7.41676, -5.72577], "rotation": [-90, 0, 0], "uv": [0, 22]}
					]
				},
				{
					"name": "tent_midc14",
					"parent": "tent_midc13",
					"pivot": [0.18982, 7.17293, -6.43433],
					"cubes": [
						{"origin": [-0.81018, -3.5011, -7.6103], "size": [2, 2, 1], "pivot": [0.48283, 2.59793, -2.3353], "rotation": [-90, 0, 0], "uv": [21, 8]}
					]
				},
				{
					"name": "tent_endc5",
					"parent": "tent_midc14",
					"pivot": [0.18982, 7.15909, -8.17502],
					"cubes": [
						{"origin": [-0.81018, 7.12177, -10.30489], "size": [2, 2, 1], "pivot": [0.48283, 7.3958, -9.85489], "rotation": [-90, 0, 0], "uv": [21, 5]},
						{"origin": [-0.31018, 6.27788, -10.28493], "size": [1, 1, 1], "inflate": -0.18, "pivot": [0.48283, 6.85972, -10.42843], "rotation": [90, 0, 0], "uv": [33, 13]},
						{"origin": [-0.31018, 5.47726, -11.0005], "size": [1, 1, 1], "inflate": -0.3, "pivot": [0.48283, 6.62822, -11.4005], "rotation": [90, 0, 0], "uv": [33, 7]}
					]
				},
				{
					"name": "tent_left3",
					"parent": "tentacles",
					"pivot": [0, 7.38338, 0],
					"rotation": [0, -49, 0]
				},
				{
					"name": "tent_topc7",
					"parent": "tent_left3",
					"pivot": [0.4998, 7.3834, -1.4964],
					"cubes": [
						{"origin": [-0.81018, 6.57952, -1.8652], "size": [2, 2, 1], "inflate": 0.05, "pivot": [0.48283, 8, -1.912], "rotation": [-90, 0, 0], "uv": [17, 17]},
						{"origin": [-0.31018, 7.75867, -2.63928], "size": [1, 1, 1], "inflate": -0.18, "uv": [7, 32]},
						{"origin": [-0.31018, 8.15867, -2.63928], "size": [1, 1, 1], "inflate": -0.3, "uv": [32, 5]}
					]
				},
				{
					"name": "tent_midc18",
					"parent": "tent_topc7",
					"pivot": [0.18982, 7.41444, -3.06812],
					"cubes": [
						{"origin": [-0.81018, 4.05269, -4.57739], "size": [2, 2, 1], "pivot": [0.48283, 6.20172, -2.87739], "rotation": [-90, 0, 0], "uv": [11, 17]},
						{"origin": [-0.31018, 7.60289, -4.44711], "size": [1, 1, 1], "inflate": -0.18, "uv": [32, 3]},
						{"origin": [-0.31018, 8.0387, -4.43082], "size": [1, 1, 1], "inflate": -0.3, "uv": [3, 32]}
					]
				},
				{
					"name": "tent_midc19",
					"parent": "tent_midc18",
					"pivot": [0.18982, 7.39176, -4.52577],
					"cubes": [
						{"origin": [-0.81018, 6.41676, -6.20077], "size": [2, 2, 1], "pivot": [0.18982, 7.41676, -5.72577], "rotation": [-90, 0, 0], "uv": [5, 17]}
					]
				},
				{
					"name": "tent_midc20",
					"parent": "tent_midc19",
					"pivot": [0.18982, 7.17293, -6.43433],
					"cubes": [
						{"origin": [-0.81018, -3.5011, -7.6103], "size": [2, 2, 1], "pivot": [0.48283, 2.59793, -2.3353], "rotation": [-90, 0, 0], "uv": [16, 10]}
					]
				},
				{
					"name": "tent_endc7",
					"parent": "tent_midc20",
					"pivot": [0.18982, 7.15909, -8.17502],
					"cubes": [
						{"origin": [-0.81018, 7.12177, -10.30489], "size": [2, 2, 1], "pivot": [0.48283, 7.3958, -9.85489], "rotation": [-90, 0, 0], "uv": [16, 3]},
						{"origin": [-0.31018, 6.27788, -10.28493], "size": [1, 1, 1], "inflate": -0.18, "pivot": [0.48283, 6.85972, -10.42843], "rotation": [90, 0, 0], "uv": [25, 31]},
						{"origin": [-0.31018, 5.47726, -11.0005], "size": [1, 1, 1], "inflate": -0.3, "pivot": [0.48283, 6.62822, -11.4005], "rotation": [90, 0, 0], "uv": [21, 31]}
					]
				},
				{
					"name": "tent_right0",
					"parent": "tentacles",
					"pivot": [0, 7.38338, 0],
					"rotation": [0, 161, 0]
				},
				{
					"name": "tent_topc4",
					"parent": "tent_right0",
					"pivot": [0.4998, 7.3834, -1.2964],
					"cubes": [
						{"origin": [-0.81018, 6.57952, -1.6652], "size": [2, 2, 1], "inflate": 0.05, "pivot": [0.48283, 8, -1.712], "rotation": [-90, 0, 0], "uv": [18, 20]},
						{"origin": [-0.31018, 7.75867, -2.43928], "size": [1, 1, 1], "inflate": -0.18, "uv": [0, 33]},
						{"origin": [-0.31018, 8.15867, -2.43928], "size": [1, 1, 1], "inflate": -0.3, "uv": [32, 31]}
					]
				},
				{
					"name": "tent_midc5",
					"parent": "tent_topc4",
					"pivot": [0.18982, 7.41444, -2.86812],
					"cubes": [
						{"origin": [-0.81018, 4.05269, -4.37739], "size": [2, 2, 1], "pivot": [0.48283, 6.20172, -2.67739], "rotation": [-90, 0, 0], "uv": [12, 20]},
						{"origin": [-0.31018, 7.60289, -4.24711], "size": [1, 1, 1], "inflate": -0.18, "uv": [32, 28]},
						{"origin": [-0.31018, 8.0387, -4.23082], "size": [1, 1, 1], "inflate": -0.3, "uv": [28, 32]}
					]
				},
				{
					"name": "tent_midc9",
					"parent": "tent_midc5",
					"pivot": [0.18982, 7.39176, -4.32577],
					"cubes": [
						{"origin": [-0.81018, 6.41676, -6.00077], "size": [2, 2, 1], "pivot": [0.18982, 7.41676, -5.52577], "rotation": [-90, 0, 0], "uv": [6, 20]}
					]
				},
				{
					"name": "tent_midc10",
					"parent": "tent_midc9",
					"pivot": [0.18982, 7.17293, -6.23433],
					"cubes": [
						{"origin": [-0.81018, -3.5011, -7.4103], "size": [2, 2, 1], "pivot": [0.48283, 2.59793, -2.1353], "rotation": [-90, 0, 0], "uv": [19, 13]}
					]
				},
				{
					"name": "tent_endc4",
					"parent": "tent_midc10",
					"pivot": [0.18982, 7.15909, -7.97502],
					"cubes": [
						{"origin": [-0.81018, 7.12177, -10.10489], "size": [2, 2, 1], "pivot": [0.48283, 7.3958, -9.65489], "rotation": [-90, 0, 0], "uv": [0, 19]},
						{"origin": [-0.31018, 6.27788, -10.08493], "size": [1, 1, 1], "inflate": -0.18, "pivot": [0.48283, 6.85972, -10.22843], "rotation": [90, 0, 0], "uv": [15, 32]},
						{"origin": [-0.31018, 5.47726, -10.8005], "size": [1, 1, 1], "inflate": -0.3, "pivot": [0.48283, 6.62822, -11.2005], "rotation": [90, 0, 0], "uv": [11, 32]}
					]
				},
				{
					"name": "tent_right1",
					"parent": "tentacles",
					"pivot": [0, 7.38338, 0],
					"rotation": [0, 125, 0]
				},
				{
					"name": "tent_topc9",
					"parent": "tent_right1",
					"pivot": [0.4998, 7.3834, -1.4964],
					"cubes": [
						{"origin": [-0.81018, 6.57952, -1.8652], "size": [2, 2, 1], "inflate": 0.05, "pivot": [0.48283, 8, -1.912], "rotation": [-90, 0, 0], "uv": [18, 20]},
						{"origin": [-0.31018, 7.75867, -2.63928], "size": [1, 1, 1], "inflate": -0.18, "uv": [0, 33]},
						{"origin": [-0.31018, 8.15867, -2.63928], "size": [1, 1, 1], "inflate": -0.3, "uv": [32, 31]}
					]
				},
				{
					"name": "tent_midc11",
					"parent": "tent_topc9",
					"pivot": [0.18982, 7.41444, -3.06812],
					"cubes": [
						{"origin": [-0.81018, 4.05269, -4.57739], "size": [2, 2, 1], "pivot": [0.48283, 6.20172, -2.87739], "rotation": [-90, 0, 0], "uv": [12, 20]},
						{"origin": [-0.31018, 7.60289, -4.44711], "size": [1, 1, 1], "inflate": -0.18, "uv": [32, 28]},
						{"origin": [-0.31018, 8.0387, -4.43082], "size": [1, 1, 1], "inflate": -0.3, "uv": [28, 32]}
					]
				},
				{
					"name": "tent_midc24",
					"parent": "tent_midc11",
					"pivot": [0.18982, 7.39176, -4.52577],
					"cubes": [
						{"origin": [-0.81018, 6.41676, -6.20077], "size": [2, 2, 1], "pivot": [0.18982, 7.41676, -5.72577], "rotation": [-90, 0, 0], "uv": [6, 20]}
					]
				},
				{
					"name": "tent_midc25",
					"parent": "tent_midc24",
					"pivot": [0.18982, 7.17293, -6.43433],
					"cubes": [
						{"origin": [-0.81018, -3.5011, -7.6103], "size": [2, 2, 1], "pivot": [0.48283, 2.59793, -2.3353], "rotation": [-90, 0, 0], "uv": [19, 13]}
					]
				},
				{
					"name": "tent_endc9",
					"parent": "tent_midc25",
					"pivot": [0.18982, 7.15909, -8.17502],
					"cubes": [
						{"origin": [-0.81018, 7.12177, -10.30489], "size": [2, 2, 1], "pivot": [0.48283, 7.3958, -9.85489], "rotation": [-90, 0, 0], "uv": [0, 19]},
						{"origin": [-0.31018, 6.27788, -10.28493], "size": [1, 1, 1], "inflate": -0.18, "pivot": [0.48283, 6.85972, -10.42843], "rotation": [90, 0, 0], "uv": [15, 32]},
						{"origin": [-0.31018, 5.47726, -11.0005], "size": [1, 1, 1], "inflate": -0.3, "pivot": [0.48283, 6.62822, -11.4005], "rotation": [90, 0, 0], "uv": [11, 32]}
					]
				},
				{
					"name": "tent_right2",
					"parent": "tentacles",
					"pivot": [0, 7.38338, 0],
					"rotation": [0, 89, 0]
				},
				{
					"name": "tent_topc6",
					"parent": "tent_right2",
					"pivot": [0.4998, 7.3834, -1.4964],
					"cubes": [
						{"origin": [-0.81018, 6.57952, -1.8652], "size": [2, 2, 1], "inflate": 0.05, "pivot": [0.48283, 8, -1.912], "rotation": [-90, 0, 0], "uv": [18, 20]},
						{"origin": [-0.31018, 7.75867, -2.63928], "size": [1, 1, 1], "inflate": -0.18, "uv": [0, 33]},
						{"origin": [-0.31018, 8.15867, -2.63928], "size": [1, 1, 1], "inflate": -0.3, "uv": [32, 31]}
					]
				},
				{
					"name": "tent_midc15",
					"parent": "tent_topc6",
					"pivot": [0.18982, 7.41444, -3.06812],
					"cubes": [
						{"origin": [-0.81018, 4.05269, -4.57739], "size": [2, 2, 1], "pivot": [0.48283, 6.20172, -2.87739], "rotation": [-90, 0, 0], "uv": [12, 20]},
						{"origin": [-0.31018, 7.60289, -4.44711], "size": [1, 1, 1], "inflate": -0.18, "uv": [32, 28]},
						{"origin": [-0.31018, 8.0387, -4.43082], "size": [1, 1, 1], "inflate": -0.3, "uv": [28, 32]}
					]
				},
				{
					"name": "tent_midc16",
					"parent": "tent_midc15",
					"pivot": [0.18982, 7.39176, -4.52577],
					"cubes": [
						{"origin": [-0.81018, 6.41676, -6.20077], "size": [2, 2, 1], "pivot": [0.18982, 7.41676, -5.72577], "rotation": [-90, 0, 0], "uv": [6, 20]}
					]
				},
				{
					"name": "tent_midc17",
					"parent": "tent_midc16",
					"pivot": [0.18982, 7.17293, -6.43433],
					"cubes": [
						{"origin": [-0.81018, -3.5011, -7.6103], "size": [2, 2, 1], "pivot": [0.48283, 2.59793, -2.3353], "rotation": [-90, 0, 0], "uv": [19, 13]}
					]
				},
				{
					"name": "tent_endc6",
					"parent": "tent_midc17",
					"pivot": [0.18982, 7.15909, -8.17502],
					"cubes": [
						{"origin": [-0.81018, 7.12177, -10.30489], "size": [2, 2, 1], "pivot": [0.48283, 7.3958, -9.85489], "rotation": [-90, 0, 0], "uv": [0, 19]},
						{"origin": [-0.31018, 6.27788, -10.28493], "size": [1, 1, 1], "inflate": -0.18, "pivot": [0.48283, 6.85972, -10.42843], "rotation": [90, 0, 0], "uv": [15, 32]},
						{"origin": [-0.31018, 5.47726, -11.0005], "size": [1, 1, 1], "inflate": -0.3, "pivot": [0.48283, 6.62822, -11.4005], "rotation": [90, 0, 0], "uv": [11, 32]}
					]
				},
				{
					"name": "tent_right3",
					"parent": "tentacles",
					"pivot": [0, 7.38338, 0],
					"rotation": [0, 49, 0]
				},
				{
					"name": "tent_topc8",
					"parent": "tent_right3",
					"pivot": [0.4998, 7.3834, -1.4964],
					"cubes": [
						{"origin": [-0.81018, 6.57952, -1.8652], "size": [2, 2, 1], "inflate": 0.05, "pivot": [0.48283, 8, -1.912], "rotation": [-90, 0, 0], "uv": [16, 0]},
						{"origin": [-0.31018, 7.75867, -2.63928], "size": [1, 1, 1], "inflate": -0.18, "uv": [0, 31]},
						{"origin": [-0.31018, 8.15867, -2.63928], "size": [1, 1, 1], "inflate": -0.3, "uv": [29, 30]}
					]
				},
				{
					"name": "tent_midc21",
					"parent": "tent_topc8",
					"pivot": [0.18982, 7.41444, -3.06812],
					"cubes": [
						{"origin": [-0.81018, 4.05269, -4.57739], "size": [2, 2, 1], "pivot": [0.48283, 6.20172, -2.87739], "rotation": [-90, 0, 0], "uv": [15, 7]},
						{"origin": [-0.31018, 7.60289, -4.44711], "size": [1, 1, 1], "inflate": -0.18, "uv": [30, 20]},
						{"origin": [-0.31018, 8.0387, -4.43082], "size": [1, 1, 1], "inflate": -0.3, "uv": [18, 30]}
					]
				},
				{
					"name": "tent_midc22",
					"parent": "tent_midc21",
					"pivot": [0.18982, 7.39176, -4.52577],
					"cubes": [
						{"origin": [-0.81018, 6.41676, -6.20077], "size": [2, 2, 1], "pivot": [0.18982, 7.41676, -5.72577], "rotation": [-90, 0, 0], "uv": [0, 15]}
					]
				},
				{
					"name": "tent_midc23",
					"parent": "tent_midc22",
					"pivot": [0.18982, 7.17293, -6.43433],
					"cubes": [
						{"origin": [-0.81018, -3.5011, -7.6103], "size": [2, 2, 1], "pivot": [0.48283, 2.59793, -2.3353], "rotation": [-90, 0, 0], "uv": [13, 14]}
					]
				},
				{
					"name": "tent_endc8",
					"parent": "tent_midc23",
					"pivot": [0.18982, 7.15909, -8.17502],
					"cubes": [
						{"origin": [-0.81018, 7.12177, -10.30489], "size": [2, 2, 1], "pivot": [0.48283, 7.3958, -9.85489], "rotation": [-90, 0, 0], "uv": [7, 14]},
						{"origin": [-0.31018, 6.27788, -10.28493], "size": [1, 1, 1], "inflate": -0.18, "pivot": [0.48283, 6.85972, -10.42843], "rotation": [90, 0, 0], "uv": [30, 12]},
						{"origin": [-0.31018, 5.47726, -11.0005], "size": [1, 1, 1], "inflate": -0.3, "pivot": [0.48283, 6.62822, -11.4005], "rotation": [90, 0, 0], "uv": [29, 27]}
					]
				},
				{
					"name": "head_main",
					"parent": "head",
					"pivot": [0, 2.625, 0],
					"cubes": [
						{"origin": [-2, 2.75, -2], "size": [4, 4, 4], "uv": [0, 0]},
						{"origin": [-1, 6.6, -1], "size": [2, 1, 2], "uv": [0, 12]}
					]
				},
				{
					"name": "face",
					"parent": "head_main",
					"pivot": [0, 0, 0]
				},
				{
					"name": "mouth_close",
					"parent": "face",
					"pivot": [0, 3.50466, -2.02],
					"cubes": [
						{"origin": [-1.5, 3.00466, -2.02], "size": [3, 1, 0], "uv": [29, 22]}
					]
				},
				{
					"name": "mouth_open",
					"parent": "face",
					"pivot": [0, 3.50466, -2.01],
					"cubes": [
						{"origin": [-1.5, 3.00466, -2.01], "size": [3, 1, 0], "uv": [17, 26]}
					]
				},
				{
					"name": "eye_close",
					"parent": "face",
					"pivot": [0, 5.30466, -2.01],
					"cubes": [
						{"origin": [0.5, 4.30466, -2.01], "size": [1, 2, 0], "uv": [27, 9]},
						{"origin": [-1.5, 4.30466, -2.01], "size": [1, 2, 0], "uv": [25, 14]}
					]
				},
				{
					"name": "eye_open",
					"parent": "face",
					"pivot": [0, 5.30466, -2.02],
					"cubes": [
						{"origin": [0.5, 4.30466, -2.02], "size": [1, 2, 0], "uv": [19, 37]},
						{"origin": [-1.5, 4.30466, -2.02], "size": [1, 2, 0], "uv": [37, 14]}
					]
				},
				{
					"name": "torso",
					"parent": "body",
					"pivot": [0, 3, 0],
					"cubes": [
						{"origin": [-0.5, 2, -0.5], "size": [1, 1, 1], "inflate": 0.1, "uv": [7, 36]}
					]
				},
				{
					"name": "torso_upper",
					"parent": "torso",
					"pivot": [0, 1.5, 0],
					"cubes": [
						{"origin": [-1, 1, -1], "size": [2, 1, 2], "uv": [10, 11]}
					]
				},
				{
					"name": "skirtupper_front",
					"parent": "torso_upper",
					"pivot": [0, 1.5, -1],
					"cubes": [
						{"origin": [-1, 1.28869, -1.95315], "size": [2, 0, 1], "pivot": [0, 1.28869, -1.45315], "rotation": [25, 0, 0], "uv": [5, 13]}
					]
				},
				{
					"name": "skirtupper_back",
					"parent": "torso_upper",
					"pivot": [0, 1.5, 1],
					"cubes": [
						{"origin": [-1, 1.5, 1], "size": [2, 0, 1], "pivot": [0, 1.5, 1], "rotation": [-25, 0, 0], "uv": [11, 3]}
					]
				},
				{
					"name": "skirtupper_left",
					"parent": "torso_upper",
					"pivot": [0, 1.5, 1],
					"cubes": [
						{"origin": [1, 1.5, -1], "size": [1, 0, 2], "pivot": [1, 1.5, 0], "rotation": [0, 0, 25], "uv": [0, 2]}
					]
				},
				{
					"name": "skirtupper_right",
					"parent": "torso_upper",
					"pivot": [0, 1.5, 1],
					"cubes": [
						{"origin": [-2, 1.5, -1], "size": [1, 0, 2], "pivot": [-1, 1.5, 0], "rotation": [0, 0, -25], "uv": [0, 0]}
					]
				},
				{
					"name": "torso_lower",
					"parent": "torso_upper",
					"pivot": [0, 0.5, 0],
					"cubes": [
						{"origin": [-1.5, 0, -1.5], "size": [3, 1, 3], "uv": [0, 8]}
					]
				},
				{
					"name": "skirtlower_front",
					"parent": "torso_lower",
					"pivot": [0, 1, -2],
					"cubes": [
						{"origin": [-1.5, 0.27861, -2.38302], "size": [3, 0, 1], "pivot": [0, 0.27861, -1.88302], "rotation": [40, 0, 0], "uv": [20, 3]}
					]
				},
				{
					"name": "skirtlower_back",
					"parent": "torso_lower",
					"pivot": [0, 1, 2],
					"cubes": [
						{"origin": [-1.5, 0.2786, 1.31874], "size": [3, 0, 1], "pivot": [0, 0.202, 1.81874], "rotation": [-40, 0, 0], "uv": [5, 12]}
					]
				},
				{
					"name": "skirtlower_left",
					"parent": "torso_lower",
					"pivot": [0, 1, 2],
					"cubes": [
						{"origin": [1.38302, 0.27861, -1.5], "size": [1, 0, 3], "pivot": [1.88302, 0.27861, 0], "rotation": [0, 0, 40], "uv": [11, 0]}
					]
				},
				{
					"name": "skirtlower_right",
					"parent": "torso_lower",
					"pivot": [0, 1, 2],
					"cubes": [
						{"origin": [-2.30642, 0.2786, -1.5], "size": [1, 0, 3], "pivot": [-1.80642, 0.34288, 0], "rotation": [0, 0, -40], "uv": [9, 0]}
					]
				}
			]
		}
	]
}