{
 "head": "head",
 "portraitScale": 3,
 "portraitTranslation": [ 0, -2.5, 0 ],
 "profileScale": 2,
 "profileTranslation": [ 0, -1.3, 0 ],
 "faint": "bedrock(mareanie, faint)",
 "cry": "bedrock(mareanie, cry3)",
 "poses": {
    "default": {
		"poseName": "default",
		"transformTicks": 10,
		"poseTypes": [
		"NONE",
		"PORTRAIT",
		"PROFILE"
		],
		"animations": [
		"bedrock(mareanie, ground_idle)"
		]
	},
	"standing": {
		"poseName": "standing",
		"transformTicks": 10,
		"poseTypes": [
		"STAND"
		],
		"animations": [
		"look",
		"bedrock(mareanie, ground_idle)"
		],
		"quirks": [
        {
          "name": "blink",
          "loopTimes": 1,
          "minSecondsBetweenOccurrences": 8,
          "maxSecondsBetweenOccurrences": 16,
          "animations": [
            "bedrock(mareanie, blink)"
          ]
        }
      ]
	},
   "walking": {
     "poseName": "walking",
     "transformTicks": 10,
     "poseTypes": [
	  "WALK"
	 ],
     "animations": [
	  "bedrock(mareanie, ground_walk)"
	 ],
	 "quirks": [
        {
          "name": "blink",
          "loopTimes": 1,
          "minSecondsBetweenOccurrences": 8,
          "maxSecondsBetweenOccurrences": 16,
          "animations": [
            "bedrock(mareanie, blink)"
          ]
        }
      ]
   },
   "sleeping": {
	   "poseName": "sleeping",
	   "transformTicks": 10,
	   "poseTypes": [ 
	    "SLEEP"
	   ],
	   "animations": [
	    "bedrock(mareanie, sleep)"
		]
   },
   "shoulder_left": {
	   "poseName": "shoulder_left",
	   "transformTicks": 10,
	   "poseTypes": [ 
	    "SHOULDER_LEFT" 
		],
	   "animations": [ 
	   "bedrock(mareanie, shoulder_left)"
	   ],
	   "quirks": [
        {
          "name": "blink",
          "loopTimes": 1,
          "minSecondsBetweenOccurrences": 8,
          "maxSecondsBetweenOccurrences": 16,
          "animations": [
            "bedrock(mareanie, blink)"
          ]
        }
      ]
   },
   "shoulder_right": {
	   "poseName": "shoulder_right",
	   "transformTicks": 10,
	   "poseTypes": [ 
	   "SHOULDER_RIGHT"
	   ],
	   "animations": [ 
	   "bedrock(mareanie, shoulder_right)"
	   ],
	   "quirks": [
        {
          "name": "blink",
          "loopTimes": 1,
          "minSecondsBetweenOccurrences": 8,
          "maxSecondsBetweenOccurrences": 16,
          "animations": [
            "bedrock(mareanie, blink)"
          ]
        }
      ]
   },
   "swimming": {
	   "poseName": "swimming",
	   "transformTicks": 10,
	   "poseTypes": [ 
	   "SWIM"
	   ],
	   "animations": [ 
	   "bedrock(mareanie, water_swim)" 
	   ],
	   "quirks": [
        {
          "name": "blink",
          "loopTimes": 1,
          "minSecondsBetweenOccurrences": 8,
          "maxSecondsBetweenOccurrences": 16,
          "animations": [
            "bedrock(mareanie, blink)"
          ]
        }
      ]
   },
   "floating": {
	   "poseName": "floating",
	   "transformTicks": 10,
	   "poseTypes": [ 
	   "FLOAT"
	   ],
	   "animations": [ 
	   "bedrock(mareanie, water_idle)" 
	   ],
	   "quirks": [
        {
          "name": "blink",
          "loopTimes": 1,
          "minSecondsBetweenOccurrences": 8,
          "maxSecondsBetweenOccurrences": 16,
          "animations": [
            "bedrock(mareanie, blink)"
          ]
        }
      ]
   }
 }
}