{
   "enabled": true,
   "neededInstalledMods": [],
   "neededUninstalledMods": [],
   "spawns": [
       {
           "id": "toxapex-1",
           "pokemon": "toxapex",
           "presets": ["underwater"],
           "type": "pokemon",
           "context": "submerged",
           "bucket": "rare",
           "level": "32-49",
           "weight": 1.0,
           "condition": {
               "canSeeSky": true,
			   "maxY": 65,
			   "biomes":["#cobblemon:is_warm_ocean"],
			   "neededNearbyBlocks":[
					"minecraft:tube_coral",
					"minecraft:brain_coral",
					"minecraft:bubble_coral",
					"minecraft:fire_coral",
					"minecraft:horn_coral",
					"minecraft:tube_coral_fan",
					"minecraft:brain_coral_fan",
					"minecraft:bubble_coral_fan",
					"minecraft:fire_coral_fan",
					"minecraft:horn_coral_fan",
					"minecraft:tube_coral_block",
					"minecraft:brain_coral_block",
					"minecraft:bubble_coral_block",
					"minecraft:fire_coral_block",
					"minecraft:horn_coral_block"
				]
           },
		    "anticondition": {
			   "neededNearbyBlocks":[
					"minecraft:dead_tube_coral",
					"minecraft:dead_brain_coral",
					"minecraft:dead_bubble_coral",
					"minecraft:dead_fire_coral",
					"minecraft:dead_horn_coral",
					"minecraft:dead_tube_coral_fan",
					"minecraft:dead_brain_coral_fan",
					"minecraft:dead_bubble_coral_fan",
					"minecraft:dead_fire_coral_fan",
					"minecraft:dead_horn_coral_fan",
					"minecraft:dead_tube_coral_block",
					"minecraft:dead_brain_coral_block",
					"minecraft:dead_bubble_coral_block",
					"minecraft:dead_fire_coral_block",
					"minecraft:dead_horn_coral_block"
				]
           }
       }
   ]
}