{
	"target": "cobblemon:mareanie",
	"shoulderMountable": true,
	"baseScale": 1,
	"hitbox": {
		"width": 0.5,
		"height": 0.5,
		"fixed": false
		},
	"behaviour": {
    "resting": {
      "canSleep": true,
      "depth": "normal",
      "light": "0-4",
      "willSleepOnBed": true
    },
    "moving": {
      "canLook": true,
      "walk": {
        "canWalk": true,
        "avoidsLand": true
      },
      "swim": {
        "swimSpeed": 0.3,
        "canSwimInWater": true,
        "canBreatheUnderwater": true
      },
      "fly": {
        "canFly": false
      },
      "wanderChance": 1
	  }
	}
}